[
  {
    "id": "78a58a7b-f23e-4cef-99d2-529aba286e9d",
    "data": [
      {
        "text": "gracias Adios",
        "meta": "@sys.location",
        "alias": "location",
        "userDefined": false
      }
    ],
    "isTemplate": false,
    "count": 0,
    "lang": "es",
    "updated": 0
  },
  {
    "id": "2dcab772-c527-4d5f-bf91-023c97209b39",
    "data": [
      {
        "text": "no, hasta luego",
        "userDefined": false
      }
    ],
    "isTemplate": false,
    "count": 0,
    "lang": "es",
    "updated": 0
  },
  {
    "id": "278ecc9c-2934-4089-a034-a04e0498e71a",
    "data": [
      {
        "text": "no gracias",
        "userDefined": false
      }
    ],
    "isTemplate": false,
    "count": 0,
    "lang": "es",
    "updated": 0
  },
  {
    "id": "1d3e2a6e-33b6-493b-91b4-0b8c3aa747f6",
    "data": [
      {
        "text": "señor no",
        "meta": "@sys.music-artist",
        "alias": "music-artist",
        "userDefined": false
      },
      {
        "text": " deseo nada mas",
        "userDefined": false
      }
    ],
    "isTemplate": false,
    "count": 0,
    "lang": "es",
    "updated": 0
  },
  {
    "id": "9c2658c7-11c2-4ebe-af6b-27ff3c0309bf",
    "data": [
      {
        "text": "o ",
        "userDefined": false
      },
      {
        "text": "señor no",
        "meta": "@sys.music-artist",
        "alias": "music-artist",
        "userDefined": false
      },
      {
        "text": " deseo nada mas",
        "userDefined": false
      }
    ],
    "isTemplate": false,
    "count": 0,
    "lang": "es",
    "updated": 0
  }
]