[
  {
    "id": "0bc9e99a-80a4-4a3e-8753-19c35399fed5",
    "data": [
      {
        "text": "Que información  me ",
        "userDefined": false
      },
      {
        "text": "regala",
        "meta": "@sys.ignore",
        "userDefined": false
      },
      {
        "text": " de ",
        "userDefined": false
      },
      {
        "text": "Aminta",
        "meta": "@sys.ignore",
        "userDefined": false
      }
    ],
    "isTemplate": false,
    "count": 0,
    "lang": "es",
    "updated": 0
  },
  {
    "id": "844a4a40-1ded-472d-afe2-4eef5e776b8c",
    "data": [
      {
        "text": "Aminta",
        "meta": "@sys.ignore",
        "userDefined": false
      }
    ],
    "isTemplate": false,
    "count": 0,
    "lang": "es",
    "updated": 0
  },
  {
    "id": "038fb583-5ee5-450a-a15f-6de064ca1918",
    "data": [
      {
        "text": "historia de ",
        "userDefined": false
      },
      {
        "text": "Aminta",
        "meta": "@sys.ignore",
        "userDefined": false
      }
    ],
    "isTemplate": false,
    "count": 0,
    "lang": "es",
    "updated": 0
  },
  {
    "id": "7090caf8-ffcd-401d-9b41-68fb7a52f306",
    "data": [
      {
        "text": "3",
        "meta": "@sys.ignore",
        "userDefined": false
      }
    ],
    "isTemplate": false,
    "count": 0,
    "lang": "es",
    "updated": 0
  },
  {
    "id": "6f516bd6-d45b-4c92-9a3f-562f7b5c8e38",
    "data": [
      {
        "text": "Quiero saber de ",
        "userDefined": false
      },
      {
        "text": "aminta",
        "meta": "@sys.ignore",
        "userDefined": false
      }
    ],
    "isTemplate": false,
    "count": 0,
    "lang": "es",
    "updated": 0
  }
]