[
  {
    "id": "d926f402-7a86-4864-a197-45412d19cfaf",
    "data": [
      {
        "text": "1",
        "meta": "@sys.ignore",
        "userDefined": false
      }
    ],
    "isTemplate": false,
    "count": 0,
    "lang": "es",
    "updated": 0
  },
  {
    "id": "8801f0d5-0566-4e0b-86e1-a515bb0b1edd",
    "data": [
      {
        "text": "Historia de ",
        "userDefined": false
      },
      {
        "text": "Ara",
        "meta": "@sys.ignore",
        "userDefined": false
      }
    ],
    "isTemplate": false,
    "count": 0,
    "lang": "es",
    "updated": 0
  },
  {
    "id": "ed0399eb-46e5-4d38-9b67-529f9375edd3",
    "data": [
      {
        "text": "Información de la ",
        "userDefined": false
      },
      {
        "text": "tienda Ara",
        "meta": "@sys.ignore",
        "userDefined": false
      }
    ],
    "isTemplate": false,
    "count": 0,
    "lang": "es",
    "updated": 0
  },
  {
    "id": "c263cf40-0365-4683-8bd3-87cce77bc1f0",
    "data": [
      {
        "text": "Tienda Ara",
        "meta": "@sys.ignore",
        "userDefined": false
      }
    ],
    "isTemplate": false,
    "count": 0,
    "lang": "es",
    "updated": 0
  },
  {
    "id": "36c81ec8-f2be-435a-aa85-161c2c257b45",
    "data": [
      {
        "text": "Ara",
        "meta": "@sys.ignore",
        "userDefined": false
      }
    ],
    "isTemplate": false,
    "count": 0,
    "lang": "es",
    "updated": 0
  },
  {
    "id": "460f5ad3-21e2-4911-989f-3924fcb3c2f6",
    "data": [
      {
        "text": "Que ",
        "userDefined": false
      },
      {
        "text": "es",
        "meta": "@sys.ignore",
        "userDefined": false
      },
      {
        "text": " ",
        "userDefined": false
      },
      {
        "text": "Ara",
        "meta": "@sys.ignore",
        "userDefined": false
      }
    ],
    "isTemplate": false,
    "count": 0,
    "lang": "es",
    "updated": 0
  },
  {
    "id": "c061e245-d132-4374-8e0a-563cf79b7a6b",
    "data": [
      {
        "text": "Información de Ara",
        "userDefined": false
      }
    ],
    "isTemplate": false,
    "count": 0,
    "lang": "es",
    "updated": 0
  }
]