[
  {
    "id": "c0fa294d-48c9-41e2-98e7-fc98bf42aaf9",
    "data": [
      {
        "text": "Que es ",
        "userDefined": false
      },
      {
        "text": "Arturo calle",
        "meta": "@sys.ignore",
        "userDefined": false
      }
    ],
    "isTemplate": false,
    "count": 0,
    "lang": "es",
    "updated": 0
  },
  {
    "id": "01dfa3f9-bf01-4727-8375-5bf7093ab3fb",
    "data": [
      {
        "text": "Historia de ",
        "userDefined": false
      },
      {
        "text": "Arturo calle",
        "meta": "@sys.ignore",
        "userDefined": false
      }
    ],
    "isTemplate": false,
    "count": 0,
    "lang": "es",
    "updated": 0
  },
  {
    "id": "34abd174-e083-494c-af12-be101983619a",
    "data": [
      {
        "text": "Arturo calle",
        "meta": "@sys.ignore",
        "userDefined": false
      }
    ],
    "isTemplate": false,
    "count": 0,
    "lang": "es",
    "updated": 0
  },
  {
    "id": "26ce267b-7dc1-45ea-bc8d-544b544811e9",
    "data": [
      {
        "text": "quiero saber de ",
        "userDefined": false
      },
      {
        "text": "Arturo calle",
        "meta": "@sys.ignore",
        "userDefined": false
      }
    ],
    "isTemplate": false,
    "count": 0,
    "lang": "es",
    "updated": 0
  },
  {
    "id": "fb560583-61fa-4972-9dcf-dd4619f49059",
    "data": [
      {
        "text": "6",
        "meta": "@sys.ignore",
        "userDefined": false
      }
    ],
    "isTemplate": false,
    "count": 0,
    "lang": "es",
    "updated": 0
  }
]