[
  {
    "id": "70b6e9cb-1273-4071-84d1-14e5d9f6dbeb",
    "data": [
      {
        "text": "Historia de Café tostado",
        "userDefined": false
      }
    ],
    "isTemplate": false,
    "count": 0,
    "lang": "es",
    "updated": 0
  },
  {
    "id": "2b7a2e8c-a556-4eb4-9569-22b7c8664df9",
    "data": [
      {
        "text": "Información de ",
        "userDefined": false
      },
      {
        "text": "Café",
        "meta": "@sys.ignore",
        "userDefined": false
      },
      {
        "text": " ",
        "userDefined": false
      },
      {
        "text": "tostado",
        "meta": "@sys.ignore",
        "userDefined": false
      }
    ],
    "isTemplate": false,
    "count": 0,
    "lang": "es",
    "updated": 0
  },
  {
    "id": "0f9af9b6-c3cf-4783-9a05-1398b760e59f",
    "data": [
      {
        "text": "Café ",
        "userDefined": false
      },
      {
        "text": "tostado",
        "meta": "@sys.ignore",
        "userDefined": false
      }
    ],
    "isTemplate": false,
    "count": 0,
    "lang": "es",
    "updated": 0
  },
  {
    "id": "cbf61677-6eb0-4e81-9428-88daad17bf8b",
    "data": [
      {
        "text": "Quiera saber de ",
        "userDefined": false
      },
      {
        "text": "Café",
        "meta": "@sys.ignore",
        "userDefined": false
      },
      {
        "text": " ",
        "userDefined": false
      },
      {
        "text": "tostado",
        "meta": "@sys.ignore",
        "userDefined": false
      }
    ],
    "isTemplate": false,
    "count": 0,
    "lang": "es",
    "updated": 0
  },
  {
    "id": "cbe2c959-926d-406e-b4a0-62b6ad9153a5",
    "data": [
      {
        "text": "9",
        "meta": "@sys.ignore",
        "userDefined": false
      }
    ],
    "isTemplate": false,
    "count": 0,
    "lang": "es",
    "updated": 0
  }
]