[
  {
    "id": "c3a67372-84d8-4db7-9e40-5477a8078d15",
    "data": [
      {
        "text": "4",
        "meta": "@sys.ignore",
        "userDefined": false
      }
    ],
    "isTemplate": false,
    "count": 0,
    "lang": "es",
    "updated": 0
  },
  {
    "id": "49296219-5d92-45cb-bf56-a38a7923be6b",
    "data": [
      {
        "text": "Dame información de ",
        "userDefined": false
      },
      {
        "text": "éxito",
        "meta": "@sys.ignore",
        "userDefined": false
      }
    ],
    "isTemplate": false,
    "count": 0,
    "lang": "es",
    "updated": 0
  },
  {
    "id": "732d2738-abd6-4af5-a5cb-335627b9802c",
    "data": [
      {
        "text": "Historia de ",
        "userDefined": false
      },
      {
        "text": "éxito",
        "meta": "@sys.ignore",
        "userDefined": false
      }
    ],
    "isTemplate": false,
    "count": 0,
    "lang": "es",
    "updated": 0
  },
  {
    "id": "8597783b-254e-4114-84ae-d1dc80c17289",
    "data": [
      {
        "text": "quiero saber de éxito",
        "userDefined": false
      }
    ],
    "isTemplate": false,
    "count": 0,
    "lang": "es",
    "updated": 0
  },
  {
    "id": "ad05bd14-f9ca-4973-86bd-dcc458b333d6",
    "data": [
      {
        "text": "Éxito",
        "meta": "@sys.ignore",
        "userDefined": false
      }
    ],
    "isTemplate": false,
    "count": 0,
    "lang": "es",
    "updated": 0
  }
]