[
  {
    "id": "a76bc7b8-d2d0-4683-8a19-e1147be5c8a9",
    "data": [
      {
        "text": "Información de ",
        "userDefined": false
      },
      {
        "text": "Giant",
        "meta": "@sys.ignore",
        "userDefined": false
      }
    ],
    "isTemplate": false,
    "count": 0,
    "lang": "es",
    "updated": 0
  },
  {
    "id": "cc882f51-465d-46af-aed6-e683f3607bc3",
    "data": [
      {
        "text": "Giant",
        "meta": "@sys.ignore",
        "userDefined": false
      }
    ],
    "isTemplate": false,
    "count": 0,
    "lang": "es",
    "updated": 0
  },
  {
    "id": "732f166f-e7c5-4616-9712-892cc51091f0",
    "data": [
      {
        "text": "Historia de Giant",
        "userDefined": false
      }
    ],
    "isTemplate": false,
    "count": 0,
    "lang": "es",
    "updated": 0
  },
  {
    "id": "0700ef5b-13c5-4b34-999d-ed26bea24446",
    "data": [
      {
        "text": "Quiero Saber de ",
        "userDefined": false
      },
      {
        "text": "Giant",
        "meta": "@sys.ignore",
        "userDefined": false
      }
    ],
    "isTemplate": false,
    "count": 0,
    "lang": "es",
    "updated": 0
  },
  {
    "id": "9868dcbe-d743-427c-be56-1ba073579219",
    "data": [
      {
        "text": "4.1",
        "meta": "@sys.ignore",
        "userDefined": false
      }
    ],
    "isTemplate": false,
    "count": 0,
    "lang": "es",
    "updated": 0
  }
]