[
  {
    "id": "52599817-a2ae-4697-a6dd-6960cfd5d7b7",
    "data": [
      {
        "text": "horario",
        "userDefined": false
      }
    ],
    "isTemplate": false,
    "count": 0,
    "lang": "es",
    "updated": 0
  },
  {
    "id": "c801beca-2a5e-4ff3-8fb7-561054eca670",
    "data": [
      {
        "text": "los horarios",
        "userDefined": false
      }
    ],
    "isTemplate": false,
    "count": 0,
    "lang": "es",
    "updated": 0
  },
  {
    "id": "8f2d0438-e4b4-44d2-9335-0bc1a586c4a9",
    "data": [
      {
        "text": "Un",
        "meta": "@sys.number",
        "alias": "number",
        "userDefined": false
      },
      {
        "text": " horario establecido",
        "userDefined": false
      }
    ],
    "isTemplate": false,
    "count": 0,
    "lang": "es",
    "updated": 0
  },
  {
    "id": "0085d288-c3d6-4b15-8a9f-8e2d3fa12147",
    "data": [
      {
        "text": "servicio al cliente",
        "meta": "@sys.location",
        "alias": "location",
        "userDefined": false
      }
    ],
    "isTemplate": false,
    "count": 0,
    "lang": "es",
    "updated": 0
  },
  {
    "id": "47f49cd2-8968-463e-bdab-68d7d4d2b59f",
    "data": [
      {
        "text": "horario de atención",
        "userDefined": false
      }
    ],
    "isTemplate": false,
    "count": 0,
    "lang": "es",
    "updated": 0
  },
  {
    "id": "12ca5610-b6f4-4e9a-a126-5b3fa2035ffe",
    "data": [
      {
        "text": "En que horarios trabajan",
        "userDefined": false
      }
    ],
    "isTemplate": false,
    "count": 0,
    "lang": "es",
    "updated": 0
  }
]