[
  {
    "id": "f693a0ec-b83a-45be-838b-2d3733e7e013",
    "data": [
      {
        "text": "2",
        "userDefined": false
      }
    ],
    "isTemplate": false,
    "count": 0,
    "lang": "es",
    "updated": 0
  },
  {
    "id": "5dda36f0-4aef-4c78-90dd-8eca7aa9387e",
    "data": [
      {
        "text": "historia de ",
        "userDefined": false
      },
      {
        "text": "Juan valdez",
        "meta": "@sys.ignore",
        "userDefined": false
      }
    ],
    "isTemplate": false,
    "count": 0,
    "lang": "es",
    "updated": 0
  },
  {
    "id": "2decc929-61e9-42ae-a121-4dee04f654d1",
    "data": [
      {
        "text": "que informacion de ",
        "userDefined": false
      },
      {
        "text": "juan valdez",
        "meta": "@sys.ignore",
        "userDefined": false
      },
      {
        "text": " tiene",
        "userDefined": false
      }
    ],
    "isTemplate": false,
    "count": 0,
    "lang": "es",
    "updated": 0
  },
  {
    "id": "c1231723-7f6a-4bf3-8fa6-7a5295582980",
    "data": [
      {
        "text": "juan valdez",
        "meta": "@sys.ignore",
        "userDefined": false
      }
    ],
    "isTemplate": false,
    "count": 0,
    "lang": "es",
    "updated": 0
  },
  {
    "id": "9e90b543-878a-482d-8e65-c5b21c4ba397",
    "data": [
      {
        "text": "quiero saber de ",
        "userDefined": false
      },
      {
        "text": "juan valdez",
        "meta": "@sys.ignore",
        "userDefined": false
      }
    ],
    "isTemplate": false,
    "count": 0,
    "lang": "es",
    "updated": 0
  }
]