[
  {
    "id": "e9a98021-9e46-4798-972a-74386f1981fa",
    "data": [
      {
        "text": "Look",
        "userDefined": false
      }
    ],
    "isTemplate": false,
    "count": 0,
    "lang": "es",
    "updated": 0
  },
  {
    "id": "1f9df678-d9e3-4e36-94a9-d201c4fa8090",
    "data": [
      {
        "text": "Historia de Look",
        "userDefined": false
      }
    ],
    "isTemplate": false,
    "count": 0,
    "lang": "es",
    "updated": 0
  },
  {
    "id": "2beab214-2712-41f4-a06d-7657dfbff665",
    "data": [
      {
        "text": "Información de Look",
        "userDefined": false
      }
    ],
    "isTemplate": false,
    "count": 0,
    "lang": "es",
    "updated": 0
  },
  {
    "id": "b288d7e9-31c3-4caf-aa6d-c7ecad5577f0",
    "data": [
      {
        "text": "quiero saber sobre Look",
        "userDefined": false
      }
    ],
    "isTemplate": false,
    "count": 0,
    "lang": "es",
    "updated": 0
  },
  {
    "id": "72c4adb2-29f0-4d6f-808a-927029c027e7",
    "data": [
      {
        "text": "5.1",
        "meta": "@sys.ignore",
        "userDefined": false
      }
    ],
    "isTemplate": false,
    "count": 0,
    "lang": "es",
    "updated": 0
  }
]