[
  {
    "id": "46b4b9b9-9784-4f1a-bd02-1beeb63c74de",
    "data": [
      {
        "text": "soy nombrado como ",
        "userDefined": false
      },
      {
        "text": "santiago",
        "meta": "@Anyname",
        "alias": "anyname",
        "userDefined": false
      }
    ],
    "isTemplate": false,
    "count": 0,
    "lang": "es",
    "updated": 0
  },
  {
    "id": "b8c5624d-c292-4ec2-a9ff-a3e382fd5e53",
    "data": [
      {
        "text": "me",
        "meta": "@sys.location",
        "alias": "location",
        "userDefined": false
      },
      {
        "text": " llaman ",
        "userDefined": false
      },
      {
        "text": "santiago",
        "meta": "@Anyname",
        "alias": "anyname",
        "userDefined": false
      }
    ],
    "isTemplate": false,
    "count": 0,
    "lang": "es",
    "updated": 0
  },
  {
    "id": "7aa567fa-0633-46c0-8caa-db7559a52b69",
    "data": [
      {
        "text": "camilo",
        "meta": "@Anyname",
        "alias": "anyname",
        "userDefined": false
      }
    ],
    "isTemplate": false,
    "count": 0,
    "lang": "es",
    "updated": 0
  },
  {
    "id": "010250df-3f79-4af4-b383-adc0b3baf66a",
    "data": [
      {
        "text": "miguel",
        "meta": "@Anyname",
        "alias": "anyname",
        "userDefined": false
      }
    ],
    "isTemplate": false,
    "count": 0,
    "lang": "es",
    "updated": 0
  },
  {
    "id": "c9ad3603-faea-4353-a6a0-a35529954fc8",
    "data": [
      {
        "text": "soy ",
        "userDefined": false
      },
      {
        "text": "felipe",
        "meta": "@Anyname",
        "alias": "anyname",
        "userDefined": false
      }
    ],
    "isTemplate": false,
    "count": 0,
    "lang": "es",
    "updated": 0
  },
  {
    "id": "5a1a14ba-9567-4a60-835a-ce25122c072d",
    "data": [
      {
        "text": "Mi",
        "meta": "@sys.unit-length-name",
        "alias": "unit-length-name",
        "userDefined": false
      },
      {
        "text": " nombre ",
        "userDefined": false
      },
      {
        "text": "es",
        "meta": "@sys.language",
        "alias": "language",
        "userDefined": false
      },
      {
        "text": " ",
        "userDefined": false
      },
      {
        "text": "ximena",
        "meta": "@Anyname",
        "alias": "anyname",
        "userDefined": false
      }
    ],
    "isTemplate": false,
    "count": 0,
    "lang": "es",
    "updated": 0
  }
]