[
  {
    "id": "0d8dd6f7-bc70-4d56-9944-e34b981be806",
    "data": [
      {
        "text": "si deseo  volver al menu principal",
        "userDefined": false
      }
    ],
    "isTemplate": false,
    "count": 0,
    "lang": "es",
    "updated": 0
  },
  {
    "id": "d0f60773-84a3-40d1-9799-e07b0852c7af",
    "data": [
      {
        "text": "si quiero volver al menu principal",
        "userDefined": false
      }
    ],
    "isTemplate": false,
    "count": 0,
    "lang": "es",
    "updated": 0
  },
  {
    "id": "89335126-6f0a-48ce-8993-6e81aa7c9413",
    "data": [
      {
        "text": "menu principal",
        "userDefined": false
      }
    ],
    "isTemplate": false,
    "count": 0,
    "lang": "es",
    "updated": 0
  },
  {
    "id": "c4fa6eb7-a979-4956-bb50-e93562a3aff4",
    "data": [
      {
        "text": "Quiero volver al menu principal",
        "userDefined": false
      }
    ],
    "isTemplate": false,
    "count": 0,
    "lang": "es",
    "updated": 0
  }
]