[
  {
    "id": "65af3887-e8f0-4d8f-a834-b728dd92d465",
    "data": [
      {
        "text": "Scott",
        "meta": "@sys.ignore",
        "userDefined": false
      }
    ],
    "isTemplate": false,
    "count": 0,
    "lang": "es",
    "updated": 0
  },
  {
    "id": "35edb7ca-84b0-4bc9-bb0a-9633f98c01f7",
    "data": [
      {
        "text": "Información de ",
        "userDefined": false
      },
      {
        "text": "scott",
        "meta": "@sys.ignore",
        "userDefined": false
      }
    ],
    "isTemplate": false,
    "count": 0,
    "lang": "es",
    "updated": 0
  },
  {
    "id": "e14ca7ca-6bc1-4512-89a7-a0c4c1d47427",
    "data": [
      {
        "text": "quiero saber sobre la ",
        "userDefined": false
      },
      {
        "text": "tienda scott",
        "meta": "@sys.ignore",
        "userDefined": false
      }
    ],
    "isTemplate": false,
    "count": 0,
    "lang": "es",
    "updated": 0
  },
  {
    "id": "b906beb6-a767-411c-bd65-c2d4310dea76",
    "data": [
      {
        "text": "Historia de ",
        "userDefined": false
      },
      {
        "text": "scott",
        "meta": "@sys.ignore",
        "userDefined": false
      }
    ],
    "isTemplate": false,
    "count": 0,
    "lang": "es",
    "updated": 0
  },
  {
    "id": "5e366b5d-04fe-4e65-8831-6cdedef042e3",
    "data": [
      {
        "text": "2.1",
        "meta": "@sys.ignore",
        "userDefined": false
      }
    ],
    "isTemplate": false,
    "count": 0,
    "lang": "es",
    "updated": 0
  }
]