[
  {
    "id": "4661018d-364c-4f4f-8b93-fc5990b66ffc",
    "data": [
      {
        "text": "1.1",
        "meta": "@sys.ignore",
        "userDefined": false
      }
    ],
    "isTemplate": false,
    "count": 0,
    "lang": "es",
    "updated": 0
  },
  {
    "id": "b169f57f-923f-46e5-b67c-a735464a77c9",
    "data": [
      {
        "text": "Informacion de ",
        "userDefined": false
      },
      {
        "text": "specialized",
        "meta": "@sys.ignore",
        "userDefined": false
      }
    ],
    "isTemplate": false,
    "count": 0,
    "lang": "es",
    "updated": 0
  },
  {
    "id": "04efba8d-9508-46d1-b219-7d014648f3ef",
    "data": [
      {
        "text": "Que ",
        "userDefined": false
      },
      {
        "text": "es specialized",
        "meta": "@sys.ignore",
        "userDefined": false
      }
    ],
    "isTemplate": false,
    "count": 0,
    "lang": "es",
    "updated": 0
  },
  {
    "id": "d4999125-d0ba-4070-aba7-3b8169dd004c",
    "data": [
      {
        "text": "specialized",
        "meta": "@sys.ignore",
        "userDefined": false
      }
    ],
    "isTemplate": false,
    "count": 0,
    "lang": "es",
    "updated": 0
  },
  {
    "id": "a0b6f5f0-94ec-412f-ba0c-8438728fa826",
    "data": [
      {
        "text": "Quiero saber sobre ",
        "userDefined": false
      },
      {
        "text": "specialized",
        "meta": "@sys.ignore",
        "userDefined": false
      }
    ],
    "isTemplate": false,
    "count": 0,
    "lang": "es",
    "updated": 0
  }
]