[
  {
    "id": "62bdd0d9-77e4-458c-9f12-9d900bbe34ca",
    "data": [
      {
        "text": "que ",
        "userDefined": false
      },
      {
        "text": "tiendas",
        "meta": "@sys.location",
        "alias": "location",
        "userDefined": false
      },
      {
        "text": " tienen",
        "userDefined": false
      }
    ],
    "isTemplate": false,
    "count": 0,
    "lang": "es",
    "updated": 0
  },
  {
    "id": "5d1cf329-3fbd-44f3-96ea-946fb2c6b3f2",
    "data": [
      {
        "text": "cuales ",
        "userDefined": false
      },
      {
        "text": "tiendas",
        "meta": "@sys.location",
        "alias": "location",
        "userDefined": false
      },
      {
        "text": " ofrecen",
        "userDefined": false
      }
    ],
    "isTemplate": false,
    "count": 0,
    "lang": "es",
    "updated": 0
  },
  {
    "id": "7242bbfa-56b6-45c6-9e09-d766180557b0",
    "data": [
      {
        "text": "tiendas",
        "meta": "@sys.location",
        "alias": "location",
        "userDefined": false
      }
    ],
    "isTemplate": false,
    "count": 0,
    "lang": "es",
    "updated": 0
  },
  {
    "id": "c30f3759-65b8-4ed2-b1bc-be2bd2fbdcdf",
    "data": [
      {
        "text": "Que ",
        "userDefined": false
      },
      {
        "text": "tiendas",
        "meta": "@sys.location",
        "alias": "location",
        "userDefined": false
      },
      {
        "text": " están asociadas al chatbot",
        "userDefined": false
      }
    ],
    "isTemplate": false,
    "count": 0,
    "lang": "es",
    "updated": 0
  }
]