[
  {
    "id": "634482ab-d388-470c-b1b3-74ddb07b265c",
    "data": [
      {
        "text": "que ",
        "userDefined": false
      },
      {
        "text": "es jumbo",
        "meta": "@sys.ignore",
        "userDefined": false
      }
    ],
    "isTemplate": false,
    "count": 0,
    "lang": "es",
    "updated": 0
  },
  {
    "id": "5f365acb-03eb-4a2c-8bc7-358a0f496e6a",
    "data": [
      {
        "text": "Historia de ",
        "userDefined": false
      },
      {
        "text": "JUmbo",
        "meta": "@sys.ignore",
        "userDefined": false
      }
    ],
    "isTemplate": false,
    "count": 0,
    "lang": "es",
    "updated": 0
  },
  {
    "id": "09bf8538-b837-4dd1-8bfd-d4e5a4327063",
    "data": [
      {
        "text": "Jumbo",
        "meta": "@sys.ignore",
        "userDefined": false
      }
    ],
    "isTemplate": false,
    "count": 0,
    "lang": "es",
    "updated": 0
  },
  {
    "id": "fa6be5a6-f4ae-4a38-91a1-34d807528a66",
    "data": [
      {
        "text": "Quiero saber de ",
        "userDefined": false
      },
      {
        "text": "JUmbo",
        "meta": "@sys.ignore",
        "userDefined": false
      }
    ],
    "isTemplate": false,
    "count": 0,
    "lang": "es",
    "updated": 0
  },
  {
    "id": "2793d2cc-8fc6-4fb3-b289-490fad288604",
    "data": [
      {
        "text": "5",
        "userDefined": false
      }
    ],
    "isTemplate": false,
    "count": 0,
    "lang": "es",
    "updated": 0
  }
]