[
  {
    "id": "6a2d4fd0-e8ec-4ca1-961a-d01d29360d20",
    "data": [
      {
        "text": "Que ",
        "userDefined": false
      },
      {
        "text": "es koaj",
        "meta": "@sys.ignore",
        "userDefined": false
      }
    ],
    "isTemplate": false,
    "count": 0,
    "lang": "es",
    "updated": 0
  },
  {
    "id": "45cabf75-5744-496b-a205-bbfea205072c",
    "data": [
      {
        "text": "Enséñame que ",
        "userDefined": false
      },
      {
        "text": "es koaj",
        "meta": "@sys.ignore",
        "userDefined": false
      }
    ],
    "isTemplate": false,
    "count": 0,
    "lang": "es",
    "updated": 0
  },
  {
    "id": "eddec97c-9360-4245-a7c4-dca2c8f362fb",
    "data": [
      {
        "text": "Historia de ",
        "userDefined": false
      },
      {
        "text": "Koaj",
        "meta": "@sys.ignore",
        "userDefined": false
      }
    ],
    "isTemplate": false,
    "count": 0,
    "lang": "es",
    "updated": 0
  },
  {
    "id": "7234173d-a4f2-480b-a918-f058587f1ffc",
    "data": [
      {
        "text": "koaj",
        "userDefined": false
      }
    ],
    "isTemplate": false,
    "count": 0,
    "lang": "es",
    "updated": 0
  },
  {
    "id": "61eb13f1-4840-4f92-9d7c-2867fba4958a",
    "data": [
      {
        "text": "Información de koaj",
        "userDefined": false
      }
    ],
    "isTemplate": false,
    "count": 0,
    "lang": "es",
    "updated": 0
  },
  {
    "id": "783139c1-6885-4f66-a0c8-a767a55d62c4",
    "data": [
      {
        "text": "Quiero saber de ",
        "userDefined": false
      },
      {
        "text": "koaj",
        "meta": "@sys.ignore",
        "userDefined": false
      }
    ],
    "isTemplate": false,
    "count": 0,
    "lang": "es",
    "updated": 0
  },
  {
    "id": "1aca37f8-f401-4813-95ab-d7b36598014a",
    "data": [
      {
        "text": "11",
        "meta": "@sys.ignore",
        "userDefined": false
      }
    ],
    "isTemplate": false,
    "count": 0,
    "lang": "es",
    "updated": 0
  }
]