[
  {
    "id": "d304b8d7-2e96-495e-a39b-fa6f9ffdbf90",
    "data": [
      {
        "text": "7",
        "userDefined": false
      }
    ],
    "isTemplate": false,
    "count": 0,
    "lang": "es",
    "updated": 0
  },
  {
    "id": "358788d1-f947-4f6f-a378-a236c7fc26d0",
    "data": [
      {
        "text": "tiendas de bicicletas",
        "userDefined": false
      }
    ],
    "isTemplate": false,
    "count": 0,
    "lang": "es",
    "updated": 0
  },
  {
    "id": "e3e3138f-8739-44c0-8c39-f35d6a7424bb",
    "data": [
      {
        "text": "Enséñame las diferentes ",
        "userDefined": false
      },
      {
        "text": "tiendas de bicicletas",
        "meta": "@sys.ignore",
        "userDefined": false
      }
    ],
    "isTemplate": false,
    "count": 0,
    "lang": "es",
    "updated": 0
  },
  {
    "id": "13703583-acca-4de9-8718-fe5cd2dbd9f9",
    "data": [
      {
        "text": "tienda",
        "meta": "@sys.ignore",
        "userDefined": false
      },
      {
        "text": " sobre bicicletas",
        "userDefined": false
      }
    ],
    "isTemplate": false,
    "count": 0,
    "lang": "es",
    "updated": 0
  },
  {
    "id": "cd05f1f8-2dca-4c96-856f-6c4626e4b5d0",
    "data": [
      {
        "text": "que ",
        "userDefined": false
      },
      {
        "text": "tiendas",
        "meta": "@sys.ignore",
        "userDefined": false
      },
      {
        "text": " ofrece de bicicletas",
        "userDefined": false
      }
    ],
    "isTemplate": false,
    "count": 0,
    "lang": "es",
    "updated": 0
  },
  {
    "id": "7b9a690f-4e16-4ee9-97cb-684812a17d5c",
    "data": [
      {
        "text": "Quiero saber sobre estas diferentes ",
        "userDefined": false
      },
      {
        "text": "tiendas",
        "meta": "@sys.ignore",
        "userDefined": false
      }
    ],
    "isTemplate": false,
    "count": 0,
    "lang": "es",
    "updated": 0
  }
]