[
  {
    "id": "4ffdd57f-f0ce-44fb-989a-a80e9750ca5a",
    "data": [
      {
        "text": "8",
        "meta": "@sys.ignore",
        "userDefined": false
      }
    ],
    "isTemplate": false,
    "count": 0,
    "lang": "es",
    "updated": 0
  },
  {
    "id": "8b664d2e-7084-49ae-a836-9987ed42e633",
    "data": [
      {
        "text": "Que ",
        "userDefined": false
      },
      {
        "text": "es D1",
        "meta": "@sys.ignore",
        "userDefined": false
      }
    ],
    "isTemplate": false,
    "count": 0,
    "lang": "es",
    "updated": 0
  },
  {
    "id": "27db5508-020d-492f-ac95-76602b5e8019",
    "data": [
      {
        "text": "Todo",
        "meta": "@sys.ignore",
        "userDefined": false
      },
      {
        "text": " Sobre de ",
        "userDefined": false
      },
      {
        "text": "D1",
        "meta": "@sys.ignore",
        "userDefined": false
      }
    ],
    "isTemplate": false,
    "count": 0,
    "lang": "es",
    "updated": 0
  },
  {
    "id": "832e22ff-b31f-4f7f-9651-b5601d2e4373",
    "data": [
      {
        "text": "información de ",
        "userDefined": false
      },
      {
        "text": "D1",
        "meta": "@sys.ignore",
        "userDefined": false
      }
    ],
    "isTemplate": false,
    "count": 0,
    "lang": "es",
    "updated": 0
  },
  {
    "id": "fe7e2b06-5a52-4d2e-9322-aa5b4196880d",
    "data": [
      {
        "text": "Quiero saber de ",
        "userDefined": false
      },
      {
        "text": "D1",
        "meta": "@sys.ignore",
        "userDefined": false
      }
    ],
    "isTemplate": false,
    "count": 0,
    "lang": "es",
    "updated": 0
  },
  {
    "id": "d7d55a79-7957-456e-b844-f55631f944f5",
    "data": [
      {
        "text": "D1",
        "meta": "@sys.ignore",
        "userDefined": false
      }
    ],
    "isTemplate": false,
    "count": 0,
    "lang": "es",
    "updated": 0
  }
]