[
  {
    "id": "06a515ca-e996-48f4-83a0-0f7a776e1ec2",
    "data": [
      {
        "text": "Dame Información de Trek",
        "userDefined": false
      }
    ],
    "isTemplate": false,
    "count": 0,
    "lang": "es",
    "updated": 0
  },
  {
    "id": "9027ee3b-1ce9-4ef4-b409-c3374e1c79fe",
    "data": [
      {
        "text": "quiero saber de ",
        "userDefined": false
      },
      {
        "text": "Trek",
        "meta": "@sys.ignore",
        "userDefined": false
      }
    ],
    "isTemplate": false,
    "count": 0,
    "lang": "es",
    "updated": 0
  },
  {
    "id": "3dea99ab-c1a1-4817-8b9d-ee2a41ac2de3",
    "data": [
      {
        "text": "Historia de ",
        "userDefined": false
      },
      {
        "text": "Trek",
        "meta": "@sys.ignore",
        "userDefined": false
      }
    ],
    "isTemplate": false,
    "count": 0,
    "lang": "es",
    "updated": 0
  },
  {
    "id": "4062ed96-1d3e-4269-9fe3-0b63c3b706e8",
    "data": [
      {
        "text": "información sobre Trek",
        "userDefined": false
      }
    ],
    "isTemplate": false,
    "count": 0,
    "lang": "es",
    "updated": 0
  },
  {
    "id": "4d7ba837-832d-4891-9496-f36c4b518503",
    "data": [
      {
        "text": "Trek",
        "meta": "@sys.ignore",
        "userDefined": false
      }
    ],
    "isTemplate": false,
    "count": 0,
    "lang": "es",
    "updated": 0
  },
  {
    "id": "ac99ec10-9f00-4e66-859c-cf5e8e0d4c9c",
    "data": [
      {
        "text": "3.1",
        "meta": "@sys.ignore",
        "userDefined": false
      }
    ],
    "isTemplate": false,
    "count": 0,
    "lang": "es",
    "updated": 0
  }
]