[
  {
    "id": "2ed0c8c9-9725-4665-bf51-99b0d438814b",
    "data": [
      {
        "text": "a donde puedo ir",
        "userDefined": false
      }
    ],
    "isTemplate": false,
    "count": 0,
    "lang": "es",
    "updated": 0
  },
  {
    "id": "43741d03-7a9a-4073-ac33-6436360b12bb",
    "data": [
      {
        "text": "donde ",
        "userDefined": false
      },
      {
        "text": "es",
        "meta": "@sys.language",
        "alias": "language",
        "userDefined": false
      }
    ],
    "isTemplate": false,
    "count": 0,
    "lang": "es",
    "updated": 0
  },
  {
    "id": "29019307-d01e-422f-995b-95a82e66dc8b",
    "data": [
      {
        "text": "quiero saber donde estan para ir",
        "userDefined": false
      }
    ],
    "isTemplate": false,
    "count": 0,
    "lang": "es",
    "updated": 0
  },
  {
    "id": "e04c3ed1-b4e2-4c87-ad16-65978ee0b1a8",
    "data": [
      {
        "text": "donde estan",
        "userDefined": false
      }
    ],
    "isTemplate": false,
    "count": 0,
    "lang": "es",
    "updated": 0
  },
  {
    "id": "175af51e-34d7-4987-929d-d560a2c2543f",
    "data": [
      {
        "text": "donde se encuentran",
        "userDefined": false
      }
    ],
    "isTemplate": false,
    "count": 0,
    "lang": "es",
    "updated": 0
  },
  {
    "id": "754c0bd1-e64d-4d6e-ad14-2b1e00de5a81",
    "data": [
      {
        "text": "Donde están ubicados",
        "userDefined": false
      }
    ],
    "isTemplate": false,
    "count": 0,
    "lang": "es",
    "updated": 0
  }
]