[
  {
    "id": "88f2bdec-bbb0-4573-a46d-7d991661a3e9",
    "data": [
      {
        "text": "Información de ",
        "userDefined": false
      },
      {
        "text": "Vélez",
        "meta": "@sys.ignore",
        "userDefined": false
      }
    ],
    "isTemplate": false,
    "count": 0,
    "lang": "es",
    "updated": 0
  },
  {
    "id": "3a74079c-51eb-4ef4-b187-37c1f358f621",
    "data": [
      {
        "text": "Vélez",
        "meta": "@sys.ignore",
        "userDefined": false
      }
    ],
    "isTemplate": false,
    "count": 0,
    "lang": "es",
    "updated": 0
  },
  {
    "id": "29123690-4cbe-42ec-b754-68d244610337",
    "data": [
      {
        "text": "Regáleme información de ",
        "userDefined": false
      },
      {
        "text": "Vélez",
        "meta": "@sys.ignore",
        "userDefined": false
      }
    ],
    "isTemplate": false,
    "count": 0,
    "lang": "es",
    "updated": 0
  },
  {
    "id": "4193d0c5-3c0e-4ba4-a04a-e3712b4ccaeb",
    "data": [
      {
        "text": "Historia de ",
        "userDefined": false
      },
      {
        "text": "Vélez",
        "meta": "@sys.ignore",
        "userDefined": false
      }
    ],
    "isTemplate": false,
    "count": 0,
    "lang": "es",
    "updated": 0
  },
  {
    "id": "199485d8-fe5f-496e-90ba-605803282170",
    "data": [
      {
        "text": "Quiero saber de ",
        "userDefined": false
      },
      {
        "text": "Vélez",
        "meta": "@sys.ignore",
        "userDefined": false
      }
    ],
    "isTemplate": false,
    "count": 0,
    "lang": "es",
    "updated": 0
  },
  {
    "id": "7e2ebf8f-1202-466c-b9d9-b6bf82e0310d",
    "data": [
      {
        "text": "10",
        "meta": "@sys.ignore",
        "userDefined": false
      }
    ],
    "isTemplate": false,
    "count": 0,
    "lang": "es",
    "updated": 0
  }
]