[
  {
    "value": "@sys.person:person",
    "synonyms": [
      "@sys.person:person"
    ]
  },
  {
    "value": "@sys.last-name:last-name_solo",
    "synonyms": [
      "@sys.last-name:last-name_solo"
    ]
  },
  {
    "value": "@sys.given-name:given-name_solo",
    "synonyms": [
      "@sys.given-name:given-name_solo"
    ]
  },
  {
    "value": "@sys.given-name:given-name6",
    "synonyms": [
      "@sys.given-name:given-name6"
    ]
  },
  {
    "value": "@sys.last-name:last-namea",
    "synonyms": [
      "@sys.last-name:last-namea"
    ]
  },
  {
    "value": "@sys.given-name:nombre-uno",
    "synonyms": [
      "@sys.given-name:nombre-uno"
    ]
  },
  {
    "value": "@sys.last-name:apell-1",
    "synonyms": [
      "@sys.last-name:apell-1"
    ]
  },
  {
    "value": "@sys.last-name:apell-2",
    "synonyms": [
      "@sys.last-name:apell-2"
    ]
  },
  {
    "value": "@sys.last-name:last-name2",
    "synonyms": [
      "@sys.last-name:last-name2"
    ]
  },
  {
    "value": "@sys.last-name:last-name_c",
    "synonyms": [
      "@sys.last-name:last-name_c"
    ]
  }
]